{
  "hash": "47717304",
  "configHash": "c451ad64",
  "lockfileHash": "febcc5cf",
  "browserHash": "10bc413e",
  "optimized": {
    "@angular/core": {
      "src": "../../../../../node_modules/@angular/core/fesm2022/core.mjs",
      "file": "@angular_core.js",
      "fileHash": "6e69ece7",
      "needsInterop": false
    },
    "@angular/platform-browser": {
      "src": "../../../../../node_modules/@angular/platform-browser/fesm2022/platform-browser.mjs",
      "file": "@angular_platform-browser.js",
      "fileHash": "ccc42cee",
      "needsInterop": false
    },
    "@angular/router": {
      "src": "../../../../../node_modules/@angular/router/fesm2022/router.mjs",
      "file": "@angular_router.js",
      "fileHash": "671b4fbf",
      "needsInterop": false
    }
  },
  "chunks": {
    "chunk-AC5S6XWW": {
      "file": "chunk-AC5S6XWW.js"
    },
    "chunk-4ZODTR3R": {
      "file": "chunk-4ZODTR3R.js"
    }
  }
}